{
  "dependencies": {
    "secrets1": {
      "type": "secrets.user"
    },
    "cosmosdb1": {
      "resourceId": "/subscriptions/[parameters('subscriptionId')]/resourceGroups/[parameters('resourceGroupName')]/providers/Microsoft.DocumentDB/databaseAccounts/tweetappaccount",
      "type": "cosmosdb.azure",
      "connectionId": "ConnectionString",
      "secretStore": "LocalSecretsFile"
    },
    "cosmosdb2": {
      "resourceId": "/subscriptions/[parameters('subscriptionId')]/resourceGroups/[parameters('resourceGroupName')]/providers/Microsoft.DocumentDB/databaseAccounts/tweetappaccount",
      "type": "cosmosdb.azure",
      "connectionId": "Connection",
      "secretStore": "LocalSecretsFile"
    }
  }
}